timestamp,open,high,low,close,volume
2020-01-01T00:00:00+00:00,1.10000,1.10062,1.09752,1.09812,3937
2020-01-02T00:00:00+00:00,1.09812,1.10096,1.09734,1.10024,3630
2020-01-03T00:00:00+00:00,1.10024,1.10329,1.09927,1.10172,4732
2020-01-04T00:00:00+00:00,1.10172,1.10270,1.10040,1.10151,3006
2020-01-05T00:00:00+00:00,1.10151,1.10199,1.09970,1.10071,5562
2020-01-06T00:00:00+00:00,1.10071,1.10233,1.09942,1.10017,2233
2020-01-07T00:00:00+00:00,1.10017,1.10117,1.09778,1.09799,4885
2020-01-08T00:00:00+00:00,1.09799,1.09939,1.09660,1.09865,3857
2020-01-09T00:00:00+00:00,1.09865,1.09917,1.09517,1.09675,3259
2020-01-10T00:00:00+00:00,1.09675,1.09892,1.09608,1.09757,4350
2020-01-11T00:00:00+00:00,1.09757,1.10002,1.09664,1.09977,3707
2020-01-12T00:00:00+00:00,1.09977,1.10090,1.09870,1.09981,5412
2020-01-13T00:00:00+00:00,1.09981,1.10084,1.09762,1.09828,3966
2020-01-14T00:00:00+00:00,1.09828,1.09999,1.09772,1.09920,2160
2020-01-15T00:00:00+00:00,1.09920,1.10073,1.09732,1.09759,5609
2020-01-16T00:00:00+00:00,1.09759,1.09798,1.09553,1.09669,3184
2020-01-17T00:00:00+00:00,1.09669,1.09686,1.09335,1.09487,5039
2020-01-18T00:00:00+00:00,1.09487,1.09537,1.09365,1.09440,2480
2020-01-19T00:00:00+00:00,1.09440,1.09705,1.09422,1.09590,1361
2020-01-20T00:00:00+00:00,1.09590,1.09861,1.09462,1.09746,3261
2020-01-21T00:00:00+00:00,1.09746,1.10060,1.09684,1.09941,1129
2020-01-22T00:00:00+00:00,1.09941,1.10170,1.09932,1.10034,3640
2020-01-23T00:00:00+00:00,1.10034,1.10062,1.09974,1.10059,4965
2020-01-24T00:00:00+00:00,1.10059,1.10140,1.09954,1.10066,4185
2020-01-25T00:00:00+00:00,1.10066,1.10225,1.09899,1.09950,1057
2020-01-26T00:00:00+00:00,1.09950,1.09999,1.09892,1.09973,2359
2020-01-27T00:00:00+00:00,1.09973,1.10110,1.09880,1.10012,5530
2020-01-28T00:00:00+00:00,1.10012,1.10226,1.09854,1.10203,3823
2020-01-29T00:00:00+00:00,1.10203,1.10348,1.10050,1.10329,4690
2020-01-30T00:00:00+00:00,1.10329,1.10418,1.10259,1.10360,5621
2020-01-31T00:00:00+00:00,1.10360,1.10690,1.10210,1.10576,4148
2020-02-01T00:00:00+00:00,1.10576,1.10803,1.10549,1.10793,1241
2020-02-02T00:00:00+00:00,1.10793,1.10958,1.10649,1.10838,4814
2020-02-03T00:00:00+00:00,1.10838,1.10965,1.10648,1.10653,2547
2020-02-04T00:00:00+00:00,1.10653,1.10727,1.10460,1.10625,5768
2020-02-05T00:00:00+00:00,1.10625,1.10777,1.10573,1.10695,3585
2020-02-06T00:00:00+00:00,1.10695,1.10956,1.10667,1.10803,4009
2020-02-07T00:00:00+00:00,1.10803,1.11074,1.10719,1.10996,1272
2020-02-08T00:00:00+00:00,1.10996,1.11051,1.10702,1.10822,1071
2020-02-09T00:00:00+00:00,1.10822,1.11008,1.10822,1.10986,2949
2020-02-10T00:00:00+00:00,1.10986,1.11121,1.10852,1.10864,1526
2020-02-11T00:00:00+00:00,1.10864,1.10961,1.10701,1.10809,5819
2020-02-12T00:00:00+00:00,1.10809,1.10907,1.10780,1.10833,3348
2020-02-13T00:00:00+00:00,1.10833,1.10896,1.10760,1.10791,3255
2020-02-14T00:00:00+00:00,1.10791,1.11089,1.10635,1.10948,5162
2020-02-15T00:00:00+00:00,1.10948,1.11253,1.10853,1.11139,2978
2020-02-16T00:00:00+00:00,1.11139,1.11327,1.11063,1.11170,5368
2020-02-17T00:00:00+00:00,1.11170,1.11423,1.11152,1.11287,2124
2020-02-18T00:00:00+00:00,1.11287,1.11325,1.11102,1.11121,3133
2020-02-19T00:00:00+00:00,1.11121,1.11149,1.10929,1.11026,4173
2020-02-20T00:00:00+00:00,1.11026,1.11089,1.10735,1.10837,1262
2020-02-21T00:00:00+00:00,1.10837,1.10920,1.10606,1.10628,2757
2020-02-22T00:00:00+00:00,1.10628,1.10665,1.10323,1.10455,5948
2020-02-23T00:00:00+00:00,1.10455,1.10557,1.10286,1.10301,2345
2020-02-24T00:00:00+00:00,1.10301,1.10533,1.10224,1.10516,3390
2020-02-25T00:00:00+00:00,1.10516,1.10692,1.10408,1.10630,5802
2020-02-26T00:00:00+00:00,1.10630,1.10729,1.10387,1.10539,3289
2020-02-27T00:00:00+00:00,1.10539,1.10567,1.10308,1.10380,3822
2020-02-28T00:00:00+00:00,1.10380,1.10483,1.10118,1.10203,4221
2020-02-29T00:00:00+00:00,1.10203,1.10464,1.10050,1.10355,1236
2020-03-01T00:00:00+00:00,1.10355,1.10512,1.10348,1.10350,5881
2020-03-02T00:00:00+00:00,1.10350,1.10573,1.10220,1.10417,5197
2020-03-03T00:00:00+00:00,1.10417,1.10782,1.10281,1.10617,3206
2020-03-04T00:00:00+00:00,1.10617,1.10643,1.10572,1.10574,5237
2020-03-05T00:00:00+00:00,1.10574,1.10673,1.10556,1.10654,2369
2020-03-06T00:00:00+00:00,1.10654,1.10814,1.10651,1.10758,5200
2020-03-07T00:00:00+00:00,1.10758,1.10876,1.10619,1.10848,3654
2020-03-08T00:00:00+00:00,1.10848,1.11032,1.10753,1.10910,2056
2020-03-09T00:00:00+00:00,1.10910,1.11186,1.10814,1.11099,1195
2020-03-10T00:00:00+00:00,1.11099,1.11384,1.11002,1.11306,1577
2020-03-11T00:00:00+00:00,1.11306,1.11370,1.11038,1.11092,4605
2020-03-12T00:00:00+00:00,1.11092,1.11291,1.10958,1.11191,5900
2020-03-13T00:00:00+00:00,1.11191,1.11286,1.11056,1.11063,2468
2020-03-14T00:00:00+00:00,1.11063,1.11147,1.10924,1.10986,2960
2020-03-15T00:00:00+00:00,1.10986,1.11270,1.10951,1.11177,2709
2020-03-16T00:00:00+00:00,1.11177,1.11373,1.11130,1.11252,2798
2020-03-17T00:00:00+00:00,1.11252,1.11256,1.11143,1.11177,4844
2020-03-18T00:00:00+00:00,1.11177,1.11190,1.10890,1.10994,5746
2020-03-19T00:00:00+00:00,1.10994,1.11196,1.10913,1.11089,4096
2020-03-20T00:00:00+00:00,1.11089,1.11127,1.10818,1.10959,2483
2020-03-21T00:00:00+00:00,1.10959,1.11141,1.10829,1.11081,2397
2020-03-22T00:00:00+00:00,1.11081,1.11253,1.10955,1.11151,5971
2020-03-23T00:00:00+00:00,1.11151,1.11440,1.11145,1.11276,1254
2020-03-24T00:00:00+00:00,1.11276,1.11466,1.11196,1.11347,5262
2020-03-25T00:00:00+00:00,1.11347,1.11410,1.11293,1.11383,1498
2020-03-26T00:00:00+00:00,1.11383,1.11508,1.11333,1.11378,1184
2020-03-27T00:00:00+00:00,1.11378,1.11512,1.11285,1.11391,4904
2020-03-28T00:00:00+00:00,1.11391,1.11644,1.11361,1.11530,3895
2020-03-29T00:00:00+00:00,1.11530,1.11609,1.11392,1.11412,2687
2020-03-30T00:00:00+00:00,1.11412,1.11715,1.11308,1.11601,2323
2020-03-31T00:00:00+00:00,1.11601,1.11632,1.11419,1.11484,5874
2020-04-01T00:00:00+00:00,1.11484,1.11765,1.11346,1.11619,5468
2020-04-02T00:00:00+00:00,1.11619,1.11662,1.11606,1.11629,2549
2020-04-03T00:00:00+00:00,1.11629,1.11721,1.11432,1.11449,5590
2020-04-04T00:00:00+00:00,1.11449,1.11673,1.11372,1.11641,1975
2020-04-05T00:00:00+00:00,1.11641,1.11964,1.11630,1.11850,3267
2020-04-06T00:00:00+00:00,1.11850,1.11929,1.11721,1.11816,5589
2020-04-07T00:00:00+00:00,1.11816,1.12085,1.11701,1.11947,4325
2020-04-08T00:00:00+00:00,1.11947,1.12033,1.11819,1.11835,4874
2020-04-09T00:00:00+00:00,1.11835,1.12029,1.11803,1.11950,3654
2020-04-10T00:00:00+00:00,1.11950,1.12162,1.11894,1.12160,1105
2020-04-11T00:00:00+00:00,1.12160,1.12270,1.11926,1.12081,5883
2020-04-12T00:00:00+00:00,1.12081,1.12112,1.11860,1.12012,1972
2020-04-13T00:00:00+00:00,1.12012,1.12048,1.11845,1.12044,2944
2020-04-14T00:00:00+00:00,1.12044,1.12133,1.11821,1.11879,5069
2020-04-15T00:00:00+00:00,1.11879,1.11924,1.11698,1.11838,3505
2020-04-16T00:00:00+00:00,1.11838,1.12095,1.11725,1.11941,3276
2020-04-17T00:00:00+00:00,1.11941,1.12158,1.11831,1.12013,4276
2020-04-18T00:00:00+00:00,1.12013,1.12115,1.11898,1.12103,1995
2020-04-19T00:00:00+00:00,1.12103,1.12157,1.11770,1.11896,3198
2020-04-20T00:00:00+00:00,1.11896,1.11971,1.11710,1.11751,3277
2020-04-21T00:00:00+00:00,1.11751,1.12076,1.11642,1.11968,4493
2020-04-22T00:00:00+00:00,1.11968,1.12038,1.11737,1.11805,1817
2020-04-23T00:00:00+00:00,1.11805,1.11857,1.11713,1.11748,5607
2020-04-24T00:00:00+00:00,1.11748,1.11934,1.11684,1.11778,2823
2020-04-25T00:00:00+00:00,1.11778,1.11865,1.11510,1.11601,1011
2020-04-26T00:00:00+00:00,1.11601,1.11676,1.11517,1.11589,1765
2020-04-27T00:00:00+00:00,1.11589,1.11777,1.11451,1.11626,2890
2020-04-28T00:00:00+00:00,1.11626,1.11809,1.11523,1.11756,5993
2020-04-29T00:00:00+00:00,1.11756,1.11846,1.11392,1.11552,3699
2020-04-30T00:00:00+00:00,1.11552,1.11635,1.11337,1.11404,3237
2020-05-01T00:00:00+00:00,1.11404,1.11581,1.11378,1.11521,5596
2020-05-02T00:00:00+00:00,1.11521,1.11686,1.11492,1.11570,1975
2020-05-03T00:00:00+00:00,1.11570,1.11734,1.11357,1.11420,1752
2020-05-04T00:00:00+00:00,1.11420,1.11550,1.11100,1.11199,3680
2020-05-05T00:00:00+00:00,1.11199,1.11460,1.11099,1.11319,4535
2020-05-06T00:00:00+00:00,1.11319,1.11450,1.11180,1.11332,1939
2020-05-07T00:00:00+00:00,1.11332,1.11463,1.11122,1.11131,5566
2020-05-08T00:00:00+00:00,1.11131,1.11443,1.11009,1.11324,3455
2020-05-09T00:00:00+00:00,1.11324,1.11474,1.11116,1.11157,2656
2020-05-10T00:00:00+00:00,1.11157,1.11391,1.11030,1.11238,5912
2020-05-11T00:00:00+00:00,1.11238,1.11385,1.11032,1.11180,3613
2020-05-12T00:00:00+00:00,1.11180,1.11449,1.11028,1.11395,2724
2020-05-13T00:00:00+00:00,1.11395,1.11679,1.11269,1.11562,1924
2020-05-14T00:00:00+00:00,1.11562,1.11676,1.11488,1.11650,4654
2020-05-15T00:00:00+00:00,1.11650,1.11871,1.11600,1.11772,4316
2020-05-16T00:00:00+00:00,1.11772,1.11874,1.11515,1.11595,3314
2020-05-17T00:00:00+00:00,1.11595,1.11684,1.11541,1.11583,5189
2020-05-18T00:00:00+00:00,1.11583,1.11772,1.11494,1.11616,1533
2020-05-19T00:00:00+00:00,1.11616,1.11884,1.11606,1.11721,2925
2020-05-20T00:00:00+00:00,1.11721,1.11875,1.11385,1.11528,5601
2020-05-21T00:00:00+00:00,1.11528,1.11609,1.11498,1.11594,3068
2020-05-22T00:00:00+00:00,1.11594,1.11754,1.11474,1.11624,4396
2020-05-23T00:00:00+00:00,1.11624,1.11664,1.11562,1.11604,3390
2020-05-24T00:00:00+00:00,1.11604,1.11660,1.11447,1.11527,5377
2020-05-25T00:00:00+00:00,1.11527,1.11682,1.11400,1.11431,5816
2020-05-26T00:00:00+00:00,1.11431,1.11540,1.11127,1.11229,2453
2020-05-27T00:00:00+00:00,1.11229,1.11345,1.11218,1.11330,5238
2020-05-28T00:00:00+00:00,1.11330,1.11506,1.11230,1.11504,5731
2020-05-29T00:00:00+00:00,1.11504,1.11630,1.11251,1.11416,5199
2020-05-30T00:00:00+00:00,1.11416,1.11463,1.11259,1.11365,3141
2020-05-31T00:00:00+00:00,1.11365,1.11519,1.11245,1.11502,5448
2020-06-01T00:00:00+00:00,1.11502,1.11604,1.11329,1.11371,3924
2020-06-02T00:00:00+00:00,1.11371,1.11524,1.11327,1.11379,1376
2020-06-03T00:00:00+00:00,1.11379,1.11621,1.11236,1.11525,4008
2020-06-04T00:00:00+00:00,1.11525,1.11548,1.11380,1.11433,5323
2020-06-05T00:00:00+00:00,1.11433,1.11537,1.11219,1.11227,3257
2020-06-06T00:00:00+00:00,1.11227,1.11325,1.11141,1.11240,4765
2020-06-07T00:00:00+00:00,1.11240,1.11400,1.11029,1.11180,4584
2020-06-08T00:00:00+00:00,1.11180,1.11289,1.10840,1.10959,2369
2020-06-09T00:00:00+00:00,1.10959,1.11086,1.10869,1.10883,4954
2020-06-10T00:00:00+00:00,1.10883,1.10959,1.10726,1.10921,2927
2020-06-11T00:00:00+00:00,1.10921,1.11105,1.10786,1.10972,3254
2020-06-12T00:00:00+00:00,1.10972,1.11148,1.10902,1.11124,2167
2020-06-13T00:00:00+00:00,1.11124,1.11186,1.10804,1.10938,5035
2020-06-14T00:00:00+00:00,1.10938,1.10983,1.10876,1.10928,2434
2020-06-15T00:00:00+00:00,1.10928,1.11131,1.10772,1.11010,4138
2020-06-16T00:00:00+00:00,1.11010,1.11171,1.10935,1.11094,5250
2020-06-17T00:00:00+00:00,1.11094,1.11216,1.10825,1.10978,1188
2020-06-18T00:00:00+00:00,1.10978,1.11138,1.10783,1.10927,5747
2020-06-19T00:00:00+00:00,1.10927,1.10932,1.10606,1.10735,3963
2020-06-20T00:00:00+00:00,1.10735,1.10773,1.10592,1.10628,3977
2020-06-21T00:00:00+00:00,1.10628,1.10732,1.10592,1.10651,4645
2020-06-22T00:00:00+00:00,1.10651,1.10781,1.10627,1.10771,3092
2020-06-23T00:00:00+00:00,1.10771,1.10781,1.10624,1.10771,3937
2020-06-24T00:00:00+00:00,1.10771,1.11015,1.10705,1.10985,4408
2020-06-25T00:00:00+00:00,1.10985,1.10987,1.10885,1.10965,2061
2020-06-26T00:00:00+00:00,1.10965,1.10987,1.10707,1.10859,4332
2020-06-27T00:00:00+00:00,1.10859,1.11098,1.10737,1.11006,1627
2020-06-28T00:00:00+00:00,1.11006,1.11276,1.10876,1.11179,3178
2020-06-29T00:00:00+00:00,1.11179,1.11507,1.11123,1.11378,2383
2020-06-30T00:00:00+00:00,1.11378,1.11542,1.11377,1.11380,5845
2020-07-01T00:00:00+00:00,1.11380,1.11577,1.11280,1.11569,2832
2020-07-02T00:00:00+00:00,1.11569,1.11663,1.11519,1.11554,4376
2020-07-03T00:00:00+00:00,1.11554,1.11674,1.11510,1.11537,3730
2020-07-04T00:00:00+00:00,1.11537,1.11686,1.11305,1.11337,2396
2020-07-05T00:00:00+00:00,1.11337,1.11379,1.11268,1.11338,3457
2020-07-06T00:00:00+00:00,1.11338,1.11447,1.11275,1.11361,1415
2020-07-07T00:00:00+00:00,1.11361,1.11576,1.11206,1.11469,5264
2020-07-08T00:00:00+00:00,1.11469,1.11502,1.11336,1.11351,4016
2020-07-09T00:00:00+00:00,1.11351,1.11413,1.11038,1.11149,1392
2020-07-10T00:00:00+00:00,1.11149,1.11225,1.10884,1.11012,3910
2020-07-11T00:00:00+00:00,1.11012,1.11201,1.10995,1.11109,4070
2020-07-12T00:00:00+00:00,1.11109,1.11190,1.10904,1.10906,2873
2020-07-13T00:00:00+00:00,1.10906,1.11071,1.10865,1.10974,3383
2020-07-14T00:00:00+00:00,1.10974,1.11060,1.10891,1.10989,4551
2020-07-15T00:00:00+00:00,1.10989,1.11003,1.10852,1.10934,2023
2020-07-16T00:00:00+00:00,1.10934,1.11161,1.10795,1.11153,5148
2020-07-17T00:00:00+00:00,1.11153,1.11393,1.11092,1.11342,1907
2020-07-18T00:00:00+00:00,1.11342,1.11558,1.11309,1.11423,5981
2020-07-19T00:00:00+00:00,1.11423,1.11624,1.11397,1.11487,2673
2020-07-20T00:00:00+00:00,1.11487,1.11528,1.11115,1.11266,2914
2020-07-21T00:00:00+00:00,1.11266,1.11518,1.11200,1.11412,2052
2020-07-22T00:00:00+00:00,1.11412,1.11583,1.11266,1.11452,2668
2020-07-23T00:00:00+00:00,1.11452,1.11569,1.11303,1.11343,3113
2020-07-24T00:00:00+00:00,1.11343,1.11492,1.11096,1.11243,1003
2020-07-25T00:00:00+00:00,1.11243,1.11398,1.11121,1.11280,3385
2020-07-26T00:00:00+00:00,1.11280,1.11577,1.11146,1.11470,2781
2020-07-27T00:00:00+00:00,1.11470,1.11594,1.11321,1.11529,5854
2020-07-28T00:00:00+00:00,1.11529,1.11631,1.11273,1.11379,3890
2020-07-29T00:00:00+00:00,1.11379,1.11404,1.11258,1.11393,1831
2020-07-30T00:00:00+00:00,1.11393,1.11624,1.11323,1.11593,5065
2020-07-31T00:00:00+00:00,1.11593,1.11818,1.11576,1.11707,5704
2020-08-01T00:00:00+00:00,1.11707,1.11743,1.11490,1.11506,2561
2020-08-02T00:00:00+00:00,1.11506,1.11513,1.11208,1.11290,1550
2020-08-03T00:00:00+00:00,1.11290,1.11304,1.11214,1.11238,5718
2020-08-04T00:00:00+00:00,1.11238,1.11364,1.10935,1.11035,1641
2020-08-05T00:00:00+00:00,1.11035,1.11052,1.10885,1.10912,1392
2020-08-06T00:00:00+00:00,1.10912,1.10934,1.10661,1.10799,1807
2020-08-07T00:00:00+00:00,1.10799,1.10848,1.10661,1.10710,5263
2020-08-08T00:00:00+00:00,1.10710,1.10837,1.10469,1.10588,3688
2020-08-09T00:00:00+00:00,1.10588,1.10798,1.10496,1.10699,5021
2020-08-10T00:00:00+00:00,1.10699,1.10760,1.10544,1.10559,3850
2020-08-11T00:00:00+00:00,1.10559,1.10833,1.10399,1.10772,5423
2020-08-12T00:00:00+00:00,1.10772,1.10938,1.10597,1.10643,4786
2020-08-13T00:00:00+00:00,1.10643,1.10700,1.10465,1.10579,5227
2020-08-14T00:00:00+00:00,1.10579,1.10692,1.10535,1.10541,2784
2020-08-15T00:00:00+00:00,1.10541,1.10823,1.10396,1.10676,5999
2020-08-16T00:00:00+00:00,1.10676,1.10948,1.10599,1.10886,2673
2020-08-17T00:00:00+00:00,1.10886,1.11001,1.10697,1.10790,2801
2020-08-18T00:00:00+00:00,1.10790,1.10843,1.10459,1.10578,4446
2020-08-19T00:00:00+00:00,1.10578,1.10711,1.10363,1.10407,1743
2020-08-20T00:00:00+00:00,1.10407,1.10537,1.10264,1.10375,1756
2020-08-21T00:00:00+00:00,1.10375,1.10383,1.10138,1.10239,4423
2020-08-22T00:00:00+00:00,1.10239,1.10267,1.10161,1.10221,2284
2020-08-23T00:00:00+00:00,1.10221,1.10357,1.09918,1.10042,4231
2020-08-24T00:00:00+00:00,1.10042,1.10118,1.09881,1.09949,4987
2020-08-25T00:00:00+00:00,1.09949,1.09994,1.09634,1.09738,4536
2020-08-26T00:00:00+00:00,1.09738,1.09762,1.09665,1.09706,4223
2020-08-27T00:00:00+00:00,1.09706,1.09901,1.09669,1.09770,3743
2020-08-28T00:00:00+00:00,1.09770,1.10038,1.09737,1.09975,5739
2020-08-29T00:00:00+00:00,1.09975,1.10132,1.09881,1.10128,2225
2020-08-30T00:00:00+00:00,1.10128,1.10342,1.10035,1.10241,4550
2020-08-31T00:00:00+00:00,1.10241,1.10251,1.10020,1.10139,1133
2020-09-01T00:00:00+00:00,1.10139,1.10236,1.10040,1.10104,4678
2020-09-02T00:00:00+00:00,1.10104,1.10265,1.10022,1.10236,3083
2020-09-03T00:00:00+00:00,1.10236,1.10350,1.10086,1.10135,5781
2020-09-04T00:00:00+00:00,1.10135,1.10458,1.10090,1.10318,4709
2020-09-05T00:00:00+00:00,1.10318,1.10424,1.10115,1.10124,1641
2020-09-06T00:00:00+00:00,1.10124,1.10325,1.10056,1.10297,1098
2020-09-07T00:00:00+00:00,1.10297,1.10480,1.10281,1.10370,5542
2020-09-08T00:00:00+00:00,1.10370,1.10651,1.10236,1.10544,2101
2020-09-09T00:00:00+00:00,1.10544,1.10736,1.10396,1.10585,2510
2020-09-10T00:00:00+00:00,1.10585,1.10839,1.10563,1.10777,5516
2020-09-11T00:00:00+00:00,1.10777,1.10837,1.10697,1.10727,3440
2020-09-12T00:00:00+00:00,1.10727,1.10919,1.10721,1.10826,2144
2020-09-13T00:00:00+00:00,1.10826,1.11013,1.10809,1.11010,1087
2020-09-14T00:00:00+00:00,1.11010,1.11089,1.10922,1.10955,2725
2020-09-15T00:00:00+00:00,1.10955,1.11045,1.10927,1.10957,2940
2020-09-16T00:00:00+00:00,1.10957,1.11077,1.10694,1.10740,1746
2020-09-17T00:00:00+00:00,1.10740,1.10985,1.10708,1.10956,5968
2020-09-18T00:00:00+00:00,1.10956,1.11103,1.10707,1.10825,3126
2020-09-19T00:00:00+00:00,1.10825,1.10895,1.10664,1.10863,3239
2020-09-20T00:00:00+00:00,1.10863,1.10966,1.10727,1.10791,2770
2020-09-21T00:00:00+00:00,1.10791,1.10974,1.10634,1.10881,2420
2020-09-22T00:00:00+00:00,1.10881,1.11024,1.10845,1.11017,3008
2020-09-23T00:00:00+00:00,1.11017,1.11055,1.10905,1.11048,1143
2020-09-24T00:00:00+00:00,1.11048,1.11135,1.10783,1.10880,3902
2020-09-25T00:00:00+00:00,1.10880,1.11118,1.10842,1.10998,4254
2020-09-26T00:00:00+00:00,1.10998,1.11299,1.10897,1.11156,1426
2020-09-27T00:00:00+00:00,1.11156,1.11353,1.11088,1.11219,2937
2020-09-28T00:00:00+00:00,1.11219,1.11355,1.11156,1.11219,2529
2020-09-29T00:00:00+00:00,1.11219,1.11401,1.11069,1.11249,5702
2020-09-30T00:00:00+00:00,1.11249,1.11257,1.10942,1.11103,2069
2020-10-01T00:00:00+00:00,1.11103,1.11206,1.10892,1.10931,1266
2020-10-02T00:00:00+00:00,1.10931,1.10996,1.10732,1.10799,1617
2020-10-03T00:00:00+00:00,1.10799,1.10880,1.10490,1.10603,3290
2020-10-04T00:00:00+00:00,1.10603,1.10736,1.10528,1.10650,5145
2020-10-05T00:00:00+00:00,1.10650,1.10717,1.10395,1.10560,2008
2020-10-06T00:00:00+00:00,1.10560,1.10562,1.10473,1.10525,1581
2020-10-07T00:00:00+00:00,1.10525,1.10626,1.10523,1.10578,2715
2020-10-08T00:00:00+00:00,1.10578,1.10889,1.10549,1.10763,4247
2020-10-09T00:00:00+00:00,1.10763,1.10804,1.10672,1.10705,1146
2020-10-10T00:00:00+00:00,1.10705,1.10913,1.10597,1.10791,2163
2020-10-11T00:00:00+00:00,1.10791,1.10993,1.10632,1.10992,5717
2020-10-12T00:00:00+00:00,1.10992,1.11087,1.10979,1.11055,3233
2020-10-13T00:00:00+00:00,1.11055,1.11185,1.10797,1.10949,1648
2020-10-14T00:00:00+00:00,1.10949,1.11106,1.10831,1.11072,4305
2020-10-15T00:00:00+00:00,1.11072,1.11357,1.11065,1.11267,1958
2020-10-16T00:00:00+00:00,1.11267,1.11568,1.11136,1.11475,3100
2020-10-17T00:00:00+00:00,1.11475,1.11580,1.11370,1.11489,5337
2020-10-18T00:00:00+00:00,1.11489,1.11508,1.11416,1.11495,2026
2020-10-19T00:00:00+00:00,1.11495,1.11569,1.11466,1.11503,5893
2020-10-20T00:00:00+00:00,1.11503,1.11603,1.11416,1.11554,3858
2020-10-21T00:00:00+00:00,1.11554,1.11613,1.11413,1.11431,4771
2020-10-22T00:00:00+00:00,1.11431,1.11598,1.11383,1.11526,4297
2020-10-23T00:00:00+00:00,1.11526,1.11570,1.11449,1.11559,3649
2020-10-24T00:00:00+00:00,1.11559,1.11802,1.11400,1.11651,1405
2020-10-25T00:00:00+00:00,1.11651,1.11887,1.11600,1.11770,5113
2020-10-26T00:00:00+00:00,1.11770,1.11778,1.11544,1.11562,1914
2020-10-27T00:00:00+00:00,1.11562,1.11755,1.11536,1.11691,4897
2020-10-28T00:00:00+00:00,1.11691,1.11812,1.11680,1.11757,4405
2020-10-29T00:00:00+00:00,1.11757,1.11920,1.11722,1.11904,1010
2020-10-30T00:00:00+00:00,1.11904,1.12205,1.11903,1.12059,4374
2020-10-31T00:00:00+00:00,1.12059,1.12228,1.11981,1.12078,4727
2020-11-01T00:00:00+00:00,1.12078,1.12357,1.12068,1.12299,1159
2020-11-02T00:00:00+00:00,1.12299,1.12382,1.12046,1.12168,3465
2020-11-03T00:00:00+00:00,1.12168,1.12224,1.11956,1.11993,1752
2020-11-04T00:00:00+00:00,1.11993,1.12157,1.11915,1.12112,5525
2020-11-05T00:00:00+00:00,1.12112,1.12265,1.12005,1.12037,1481
2020-11-06T00:00:00+00:00,1.12037,1.12227,1.11941,1.12126,1715
2020-11-07T00:00:00+00:00,1.12126,1.12254,1.12013,1.12017,1571
2020-11-08T00:00:00+00:00,1.12017,1.12270,1.11855,1.12164,3846
2020-11-09T00:00:00+00:00,1.12164,1.12257,1.11893,1.12009,3575
2020-11-10T00:00:00+00:00,1.12009,1.12270,1.11990,1.12217,5104
2020-11-11T00:00:00+00:00,1.12217,1.12340,1.11926,1.12018,5684
2020-11-12T00:00:00+00:00,1.12018,1.12180,1.11917,1.11980,2292
2020-11-13T00:00:00+00:00,1.11980,1.12207,1.11878,1.12083,5909
2020-11-14T00:00:00+00:00,1.12083,1.12092,1.12000,1.12046,4957
2020-11-15T00:00:00+00:00,1.12046,1.12124,1.11924,1.12047,2142
2020-11-16T00:00:00+00:00,1.12047,1.12126,1.11897,1.11998,1383
2020-11-17T00:00:00+00:00,1.11998,1.12257,1.11883,1.12214,4087
2020-11-18T00:00:00+00:00,1.12214,1.12238,1.11967,1.12034,1459
2020-11-19T00:00:00+00:00,1.12034,1.12134,1.12018,1.12109,2073
2020-11-20T00:00:00+00:00,1.12109,1.12352,1.11961,1.12189,1433
2020-11-21T00:00:00+00:00,1.12189,1.12288,1.12091,1.12131,2731
2020-11-22T00:00:00+00:00,1.12131,1.12186,1.12111,1.12151,5525
2020-11-23T00:00:00+00:00,1.12151,1.12263,1.12029,1.12195,1558
2020-11-24T00:00:00+00:00,1.12195,1.12232,1.11917,1.12037,4429
2020-11-25T00:00:00+00:00,1.12037,1.12196,1.12028,1.12147,2348
2020-11-26T00:00:00+00:00,1.12147,1.12309,1.12106,1.12218,5679
2020-11-27T00:00:00+00:00,1.12218,1.12314,1.12067,1.12078,3502
2020-11-28T00:00:00+00:00,1.12078,1.12140,1.11948,1.12064,5901
2020-11-29T00:00:00+00:00,1.12064,1.12124,1.11912,1.11951,1210
2020-11-30T00:00:00+00:00,1.11951,1.12071,1.11846,1.11996,4927
2020-12-01T00:00:00+00:00,1.11996,1.12018,1.11649,1.11790,4511
2020-12-02T00:00:00+00:00,1.11790,1.12056,1.11726,1.12012,1798
2020-12-03T00:00:00+00:00,1.12012,1.12113,1.11853,1.11865,2228
2020-12-04T00:00:00+00:00,1.11865,1.12044,1.11861,1.11932,2631
2020-12-05T00:00:00+00:00,1.11932,1.11944,1.11714,1.11865,1770
2020-12-06T00:00:00+00:00,1.11865,1.12078,1.11827,1.11934,5366
2020-12-07T00:00:00+00:00,1.11934,1.12088,1.11775,1.12083,4825
2020-12-08T00:00:00+00:00,1.12083,1.12204,1.11896,1.11898,1388
2020-12-09T00:00:00+00:00,1.11898,1.12067,1.11878,1.12024,4912
2020-12-10T00:00:00+00:00,1.12024,1.12254,1.11959,1.12157,4020
2020-12-11T00:00:00+00:00,1.12157,1.12192,1.12107,1.12139,1816
2020-12-12T00:00:00+00:00,1.12139,1.12187,1.11801,1.11940,3900
2020-12-13T00:00:00+00:00,1.11940,1.12078,1.11828,1.11869,2897
2020-12-14T00:00:00+00:00,1.11869,1.11989,1.11577,1.11684,1220
2020-12-15T00:00:00+00:00,1.11684,1.11796,1.11326,1.11487,1276
2020-12-16T00:00:00+00:00,1.11487,1.11585,1.11429,1.11470,4853
2020-12-17T00:00:00+00:00,1.11470,1.11555,1.11223,1.11360,5888
2020-12-18T00:00:00+00:00,1.11360,1.11485,1.11264,1.11305,3346
2020-12-19T00:00:00+00:00,1.11305,1.11344,1.11189,1.11209,3421
2020-12-20T00:00:00+00:00,1.11209,1.11476,1.11131,1.11351,2790
2020-12-21T00:00:00+00:00,1.11351,1.11514,1.11187,1.11498,2122
2020-12-22T00:00:00+00:00,1.11498,1.11667,1.11363,1.11533,1572
2020-12-23T00:00:00+00:00,1.11533,1.11607,1.11442,1.11457,2480
2020-12-24T00:00:00+00:00,1.11457,1.11489,1.11137,1.11303,1987
2020-12-25T00:00:00+00:00,1.11303,1.11422,1.11167,1.11236,4787
2020-12-26T00:00:00+00:00,1.11236,1.11411,1.11207,1.11252,3743
2020-12-27T00:00:00+00:00,1.11252,1.11528,1.11126,1.11379,3571
2020-12-28T00:00:00+00:00,1.11379,1.11704,1.11299,1.11538,4326
2020-12-29T00:00:00+00:00,1.11538,1.11778,1.11506,1.11735,3900
2020-12-30T00:00:00+00:00,1.11735,1.12020,1.11683,1.11918,1249
2020-12-31T00:00:00+00:00,1.11918,1.12030,1.11861,1.11927,4574
2021-01-01T00:00:00+00:00,1.11927,1.12003,1.11820,1.11957,1172
2021-01-02T00:00:00+00:00,1.11957,1.12086,1.11827,1.11930,3176
2021-01-03T00:00:00+00:00,1.11930,1.12087,1.11704,1.11726,5899
2021-01-04T00:00:00+00:00,1.11726,1.11835,1.11685,1.11754,3010
2021-01-05T00:00:00+00:00,1.11754,1.11848,1.11536,1.11554,5248
2021-01-06T00:00:00+00:00,1.11554,1.11682,1.11425,1.11455,1908
2021-01-07T00:00:00+00:00,1.11455,1.11634,1.11381,1.11605,1798
2021-01-08T00:00:00+00:00,1.11605,1.11905,1.11445,1.11814,2913
2021-01-09T00:00:00+00:00,1.11814,1.11843,1.11571,1.11622,2510
2021-01-10T00:00:00+00:00,1.11622,1.11735,1.11500,1.11557,1839
2021-01-11T00:00:00+00:00,1.11557,1.11627,1.11428,1.11616,2220
2021-01-12T00:00:00+00:00,1.11616,1.11773,1.11463,1.11704,1704
2021-01-13T00:00:00+00:00,1.11704,1.11802,1.11543,1.11597,4018
2021-01-14T00:00:00+00:00,1.11597,1.11806,1.11517,1.11778,4039
2021-01-15T00:00:00+00:00,1.11778,1.11807,1.11550,1.11590,1485
2021-01-16T00:00:00+00:00,1.11590,1.11701,1.11520,1.11585,2070
2021-01-17T00:00:00+00:00,1.11585,1.11721,1.11227,1.11362,2819
2021-01-18T00:00:00+00:00,1.11362,1.11451,1.11195,1.11315,5779
2021-01-19T00:00:00+00:00,1.11315,1.11364,1.11018,1.11096,1831
2021-01-20T00:00:00+00:00,1.11096,1.11230,1.11040,1.11200,3836
2021-01-21T00:00:00+00:00,1.11200,1.11332,1.10976,1.11112,5815
2021-01-22T00:00:00+00:00,1.11112,1.11128,1.10914,1.11052,2407
2021-01-23T00:00:00+00:00,1.11052,1.11191,1.10900,1.10973,5294
2021-01-24T00:00:00+00:00,1.10973,1.11061,1.10858,1.10910,5839
2021-01-25T00:00:00+00:00,1.10910,1.11102,1.10793,1.10983,5640
2021-01-26T00:00:00+00:00,1.10983,1.11072,1.10892,1.10909,4220
2021-01-27T00:00:00+00:00,1.10909,1.11091,1.10852,1.11063,5576
2021-01-28T00:00:00+00:00,1.11063,1.11206,1.11013,1.11145,2808
2021-01-29T00:00:00+00:00,1.11145,1.11435,1.10981,1.11354,2537
2021-01-30T00:00:00+00:00,1.11354,1.11473,1.11319,1.11424,3343
2021-01-31T00:00:00+00:00,1.11424,1.11427,1.11219,1.11303,4927
2021-02-01T00:00:00+00:00,1.11303,1.11432,1.11119,1.11224,2231
2021-02-02T00:00:00+00:00,1.11224,1.11224,1.11110,1.11151,1230
2021-02-03T00:00:00+00:00,1.11151,1.11311,1.11100,1.11112,5602
2021-02-04T00:00:00+00:00,1.11112,1.11379,1.11078,1.11241,1015
2021-02-05T00:00:00+00:00,1.11241,1.11351,1.10898,1.11033,1240
2021-02-06T00:00:00+00:00,1.11033,1.11132,1.10659,1.10819,2801
2021-02-07T00:00:00+00:00,1.10819,1.10919,1.10583,1.10713,2398
2021-02-08T00:00:00+00:00,1.10713,1.10738,1.10578,1.10679,3806
2021-02-09T00:00:00+00:00,1.10679,1.10744,1.10605,1.10724,3477
2021-02-10T00:00:00+00:00,1.10724,1.10787,1.10547,1.10618,1565
2021-02-11T00:00:00+00:00,1.10618,1.10649,1.10476,1.10546,2585
2021-02-12T00:00:00+00:00,1.10546,1.10546,1.10425,1.10523,2432
2021-02-13T00:00:00+00:00,1.10523,1.10761,1.10509,1.10623,5973
2021-02-14T00:00:00+00:00,1.10623,1.10727,1.10385,1.10483,1944
2021-02-15T00:00:00+00:00,1.10483,1.10638,1.10153,1.10313,4342
2021-02-16T00:00:00+00:00,1.10313,1.10356,1.10205,1.10313,2072
2021-02-17T00:00:00+00:00,1.10313,1.10547,1.10297,1.10481,1025
2021-02-18T00:00:00+00:00,1.10481,1.10573,1.10323,1.10548,5340
2021-02-19T00:00:00+00:00,1.10548,1.10663,1.10427,1.10453,2049
2021-02-20T00:00:00+00:00,1.10453,1.10457,1.10283,1.10409,5824
2021-02-21T00:00:00+00:00,1.10409,1.10534,1.10179,1.10272,3065
2021-02-22T00:00:00+00:00,1.10272,1.10384,1.10050,1.10121,2018
2021-02-23T00:00:00+00:00,1.10121,1.10231,1.10059,1.10180,3162
2021-02-24T00:00:00+00:00,1.10180,1.10342,1.09929,1.09971,1583
2021-02-25T00:00:00+00:00,1.09971,1.10057,1.09866,1.09888,5543
2021-02-26T00:00:00+00:00,1.09888,1.10007,1.09849,1.09971,2970
2021-02-27T00:00:00+00:00,1.09971,1.10156,1.09886,1.10150,5089
2021-02-28T00:00:00+00:00,1.10150,1.10284,1.09902,1.10016,3912
2021-03-01T00:00:00+00:00,1.10016,1.10081,1.09781,1.09931,2793
2021-03-02T00:00:00+00:00,1.09931,1.10051,1.09807,1.09979,1798
2021-03-03T00:00:00+00:00,1.09979,1.10205,1.09838,1.10066,2065
2021-03-04T00:00:00+00:00,1.10066,1.10166,1.09942,1.10080,5918
2021-03-05T00:00:00+00:00,1.10080,1.10171,1.10027,1.10088,1917
2021-03-06T00:00:00+00:00,1.10088,1.10108,1.10019,1.10099,1585
2021-03-07T00:00:00+00:00,1.10099,1.10243,1.09862,1.10017,2024
2021-03-08T00:00:00+00:00,1.10017,1.10160,1.09938,1.09951,1131
2021-03-09T00:00:00+00:00,1.09951,1.10083,1.09924,1.09924,4653
2021-03-10T00:00:00+00:00,1.09924,1.09957,1.09683,1.09778,1775
2021-03-11T00:00:00+00:00,1.09778,1.09969,1.09703,1.09847,3477
2021-03-12T00:00:00+00:00,1.09847,1.09971,1.09815,1.09857,5373
2021-03-13T00:00:00+00:00,1.09857,1.09970,1.09748,1.09898,4253
2021-03-14T00:00:00+00:00,1.09898,1.10024,1.09737,1.09798,5039
2021-03-15T00:00:00+00:00,1.09798,1.09957,1.09601,1.09618,2386
2021-03-16T00:00:00+00:00,1.09618,1.09670,1.09498,1.09554,3638
2021-03-17T00:00:00+00:00,1.09554,1.09576,1.09360,1.09514,2359
2021-03-18T00:00:00+00:00,1.09514,1.09652,1.09388,1.09488,4160
2021-03-19T00:00:00+00:00,1.09488,1.09538,1.09337,1.09412,4041
2021-03-20T00:00:00+00:00,1.09412,1.09562,1.09338,1.09397,1964
2021-03-21T00:00:00+00:00,1.09397,1.09486,1.09165,1.09220,5875
2021-03-22T00:00:00+00:00,1.09220,1.09224,1.08905,1.09013,3901
2021-03-23T00:00:00+00:00,1.09013,1.09038,1.08777,1.08921,4931
2021-03-24T00:00:00+00:00,1.08921,1.09131,1.08824,1.08991,4308
2021-03-25T00:00:00+00:00,1.08991,1.09100,1.08985,1.08996,3845
2021-03-26T00:00:00+00:00,1.08996,1.09134,1.08731,1.08779,2883
2021-03-27T00:00:00+00:00,1.08779,1.08929,1.08501,1.08559,4622
2021-03-28T00:00:00+00:00,1.08559,1.08716,1.08439,1.08690,4424
2021-03-29T00:00:00+00:00,1.08690,1.08704,1.08367,1.08496,4325
2021-03-30T00:00:00+00:00,1.08496,1.08659,1.08402,1.08643,5459
2021-03-31T00:00:00+00:00,1.08643,1.08706,1.08550,1.08613,2631
2021-04-01T00:00:00+00:00,1.08613,1.08823,1.08498,1.08696,2735
2021-04-02T00:00:00+00:00,1.08696,1.08807,1.08561,1.08702,1262
2021-04-03T00:00:00+00:00,1.08702,1.08746,1.08526,1.08652,3591
2021-04-04T00:00:00+00:00,1.08652,1.08665,1.08476,1.08618,5300
2021-04-05T00:00:00+00:00,1.08618,1.08814,1.08530,1.08808,3208
2021-04-06T00:00:00+00:00,1.08808,1.09089,1.08698,1.09011,1365
2021-04-07T00:00:00+00:00,1.09011,1.09254,1.08986,1.09114,3722
2021-04-08T00:00:00+00:00,1.09114,1.09229,1.08959,1.09118,2676
2021-04-09T00:00:00+00:00,1.09118,1.09425,1.09077,1.09265,5230
2021-04-10T00:00:00+00:00,1.09265,1.09424,1.09254,1.09328,5982
2021-04-11T00:00:00+00:00,1.09328,1.09457,1.09003,1.09156,3653
2021-04-12T00:00:00+00:00,1.09156,1.09358,1.09004,1.09298,5377
2021-04-13T00:00:00+00:00,1.09298,1.09419,1.09074,1.09188,5485
2021-04-14T00:00:00+00:00,1.09188,1.09349,1.09053,1.09321,2975
2021-04-15T00:00:00+00:00,1.09321,1.09538,1.09302,1.09414,4416
2021-04-16T00:00:00+00:00,1.09414,1.09652,1.09396,1.09622,1476
2021-04-17T00:00:00+00:00,1.09622,1.09776,1.09524,1.09606,4825
2021-04-18T00:00:00+00:00,1.09606,1.09816,1.09487,1.09652,3595
2021-04-19T00:00:00+00:00,1.09652,1.09821,1.09592,1.09714,2152
2021-04-20T00:00:00+00:00,1.09714,1.09965,1.09602,1.09891,3371
2021-04-21T00:00:00+00:00,1.09891,1.09896,1.09567,1.09708,5147
2021-04-22T00:00:00+00:00,1.09708,1.10050,1.09651,1.09925,4355
2021-04-23T00:00:00+00:00,1.09925,1.10167,1.09774,1.10026,4985
2021-04-24T00:00:00+00:00,1.10026,1.10159,1.09925,1.10142,4661
2021-04-25T00:00:00+00:00,1.10142,1.10437,1.10065,1.10318,1268
2021-04-26T00:00:00+00:00,1.10318,1.10428,1.10154,1.10347,3908
2021-04-27T00:00:00+00:00,1.10347,1.10463,1.10255,1.10319,4894
2021-04-28T00:00:00+00:00,1.10319,1.10473,1.10236,1.10457,2021
2021-04-29T00:00:00+00:00,1.10457,1.10620,1.10395,1.10570,2802
2021-04-30T00:00:00+00:00,1.10570,1.10720,1.10459,1.10546,4921
2021-05-01T00:00:00+00:00,1.10546,1.10776,1.10427,1.10644,4594
2021-05-02T00:00:00+00:00,1.10644,1.10770,1.10465,1.10541,2078
2021-05-03T00:00:00+00:00,1.10541,1.10544,1.10369,1.10515,1030
2021-05-04T00:00:00+00:00,1.10515,1.10645,1.10320,1.10367,5949
2021-05-05T00:00:00+00:00,1.10367,1.10614,1.10363,1.10548,4403
2021-05-06T00:00:00+00:00,1.10548,1.10577,1.10247,1.10410,3283
2021-05-07T00:00:00+00:00,1.10410,1.10513,1.10351,1.10431,5779
2021-05-08T00:00:00+00:00,1.10431,1.10504,1.10283,1.10444,3310
2021-05-09T00:00:00+00:00,1.10444,1.10618,1.10373,1.10482,4125
2021-05-10T00:00:00+00:00,1.10482,1.10575,1.10278,1.10417,2792
2021-05-11T00:00:00+00:00,1.10417,1.10430,1.10322,1.10353,2297
2021-05-12T00:00:00+00:00,1.10353,1.10470,1.10317,1.10357,2963
2021-05-13T00:00:00+00:00,1.10357,1.10486,1.10330,1.10332,4919
2021-05-14T00:00:00+00:00,1.10332,1.10438,1.10015,1.10169,3334
2021-05-15T00:00:00+00:00,1.10169,1.10294,1.10070,1.10261,3125
2021-05-16T00:00:00+00:00,1.10261,1.10424,1.10050,1.10080,2378
2021-05-17T00:00:00+00:00,1.10080,1.10207,1.09837,1.09943,1179
2021-05-18T00:00:00+00:00,1.09943,1.09945,1.09850,1.09879,5089
2021-05-19T00:00:00+00:00,1.09879,1.10174,1.09788,1.10047,4975
2021-05-20T00:00:00+00:00,1.10047,1.10061,1.09795,1.09903,2415
2021-05-21T00:00:00+00:00,1.09903,1.09979,1.09716,1.09856,2404
2021-05-22T00:00:00+00:00,1.09856,1.09944,1.09663,1.09725,2566
2021-05-23T00:00:00+00:00,1.09725,1.09816,1.09607,1.09708,5604
2021-05-24T00:00:00+00:00,1.09708,1.09829,1.09623,1.09680,4198
2021-05-25T00:00:00+00:00,1.09680,1.09690,1.09510,1.09625,5077
2021-05-26T00:00:00+00:00,1.09625,1.09740,1.09420,1.09436,1473
2021-05-27T00:00:00+00:00,1.09436,1.09524,1.09176,1.09315,5689
2021-05-28T00:00:00+00:00,1.09315,1.09478,1.09078,1.09186,5989
2021-05-29T00:00:00+00:00,1.09186,1.09298,1.08887,1.09002,4537
2021-05-30T00:00:00+00:00,1.09002,1.09003,1.08886,1.08976,5594
2021-05-31T00:00:00+00:00,1.08976,1.09245,1.08869,1.09194,5701
2021-06-01T00:00:00+00:00,1.09194,1.09298,1.09032,1.09125,5064
2021-06-02T00:00:00+00:00,1.09125,1.09439,1.09021,1.09319,1857
2021-06-03T00:00:00+00:00,1.09319,1.09493,1.09244,1.09439,3665
2021-06-04T00:00:00+00:00,1.09439,1.09534,1.09326,1.09463,2782
2021-06-05T00:00:00+00:00,1.09463,1.09544,1.09211,1.09294,4587
2021-06-06T00:00:00+00:00,1.09294,1.09464,1.09216,1.09421,5717
2021-06-07T00:00:00+00:00,1.09421,1.09470,1.09206,1.09359,1249
2021-06-08T00:00:00+00:00,1.09359,1.09493,1.09234,1.09347,2618
2021-06-09T00:00:00+00:00,1.09347,1.09484,1.09118,1.09156,5486
2021-06-10T00:00:00+00:00,1.09156,1.09295,1.09119,1.09233,4277
2021-06-11T00:00:00+00:00,1.09233,1.09344,1.09048,1.09105,2608
2021-06-12T00:00:00+00:00,1.09105,1.09120,1.08830,1.08893,1316
2021-06-13T00:00:00+00:00,1.08893,1.09187,1.08778,1.09062,3329
2021-06-14T00:00:00+00:00,1.09062,1.09286,1.08930,1.09188,2059
2021-06-15T00:00:00+00:00,1.09188,1.09493,1.09154,1.09373,2581
2021-06-16T00:00:00+00:00,1.09373,1.09373,1.09097,1.09159,2278
2021-06-17T00:00:00+00:00,1.09159,1.09250,1.08919,1.09077,5195
2021-06-18T00:00:00+00:00,1.09077,1.09113,1.08840,1.08995,1814
2021-06-19T00:00:00+00:00,1.08995,1.09129,1.08988,1.09028,3460
2021-06-20T00:00:00+00:00,1.09028,1.09246,1.08868,1.09123,3074
2021-06-21T00:00:00+00:00,1.09123,1.09343,1.08963,1.09329,1555
2021-06-22T00:00:00+00:00,1.09329,1.09446,1.09238,1.09243,1401
2021-06-23T00:00:00+00:00,1.09243,1.09398,1.09200,1.09278,1860
2021-06-24T00:00:00+00:00,1.09278,1.09435,1.09257,1.09370,2320
2021-06-25T00:00:00+00:00,1.09370,1.09391,1.09176,1.09271,3140
2021-06-26T00:00:00+00:00,1.09271,1.09311,1.09270,1.09300,5661
2021-06-27T00:00:00+00:00,1.09300,1.09347,1.09291,1.09326,5601
2021-06-28T00:00:00+00:00,1.09326,1.09471,1.09288,1.09433,1553
2021-06-29T00:00:00+00:00,1.09433,1.09568,1.09295,1.09340,2823
2021-06-30T00:00:00+00:00,1.09340,1.09386,1.09304,1.09352,3295
2021-07-01T00:00:00+00:00,1.09352,1.09488,1.09200,1.09239,5575
2021-07-02T00:00:00+00:00,1.09239,1.09319,1.09229,1.09298,2104
2021-07-03T00:00:00+00:00,1.09298,1.09502,1.09274,1.09343,2489
2021-07-04T00:00:00+00:00,1.09343,1.09395,1.09124,1.09176,3734
2021-07-05T00:00:00+00:00,1.09176,1.09220,1.09071,1.09091,2627
2021-07-06T00:00:00+00:00,1.09091,1.09247,1.08833,1.08934,1974
2021-07-07T00:00:00+00:00,1.08934,1.09006,1.08693,1.08813,4911
2021-07-08T00:00:00+00:00,1.08813,1.08913,1.08791,1.08871,4017
2021-07-09T00:00:00+00:00,1.08871,1.08973,1.08703,1.08777,4430
2021-07-10T00:00:00+00:00,1.08777,1.09065,1.08776,1.08916,2708
2021-07-11T00:00:00+00:00,1.08916,1.09010,1.08732,1.08883,5628
2021-07-12T00:00:00+00:00,1.08883,1.09089,1.08796,1.08935,5665
2021-07-13T00:00:00+00:00,1.08935,1.08968,1.08870,1.08902,2356
2021-07-14T00:00:00+00:00,1.08902,1.09240,1.08849,1.09086,1273
2021-07-15T00:00:00+00:00,1.09086,1.09228,1.08962,1.09146,4815
2021-07-16T00:00:00+00:00,1.09146,1.09365,1.09098,1.09255,1557
2021-07-17T00:00:00+00:00,1.09255,1.09417,1.09176,1.09282,3354
2021-07-18T00:00:00+00:00,1.09282,1.09293,1.09093,1.09178,1928
2021-07-19T00:00:00+00:00,1.09178,1.09270,1.09037,1.09102,4162
2021-07-20T00:00:00+00:00,1.09102,1.09273,1.09102,1.09184,2804
2021-07-21T00:00:00+00:00,1.09184,1.09434,1.09112,1.09404,1822
2021-07-22T00:00:00+00:00,1.09404,1.09534,1.09175,1.09221,3105
2021-07-23T00:00:00+00:00,1.09221,1.09483,1.09067,1.09376,3748
2021-07-24T00:00:00+00:00,1.09376,1.09720,1.09226,1.09585,5626
2021-07-25T00:00:00+00:00,1.09585,1.09622,1.09524,1.09539,1488
2021-07-26T00:00:00+00:00,1.09539,1.09809,1.09395,1.09729,4280
2021-07-27T00:00:00+00:00,1.09729,1.09832,1.09625,1.09672,3915
2021-07-28T00:00:00+00:00,1.09672,1.09902,1.09539,1.09852,3223
2021-07-29T00:00:00+00:00,1.09852,1.09985,1.09814,1.09895,2279
2021-07-30T00:00:00+00:00,1.09895,1.10041,1.09878,1.09924,2847
2021-07-31T00:00:00+00:00,1.09924,1.10104,1.09911,1.09999,2144
2021-08-01T00:00:00+00:00,1.09999,1.10112,1.09802,1.09953,2654
2021-08-02T00:00:00+00:00,1.09953,1.10102,1.09906,1.09982,2198
2021-08-03T00:00:00+00:00,1.09982,1.10214,1.09970,1.10103,5997
2021-08-04T00:00:00+00:00,1.10103,1.10195,1.09838,1.09921,4930
2021-08-05T00:00:00+00:00,1.09921,1.10234,1.09797,1.10073,1709
2021-08-06T00:00:00+00:00,1.10073,1.10196,1.09919,1.09950,4199
2021-08-07T00:00:00+00:00,1.09950,1.10033,1.09839,1.09864,2591
2021-08-08T00:00:00+00:00,1.09864,1.09913,1.09761,1.09797,4656
2021-08-09T00:00:00+00:00,1.09797,1.09933,1.09436,1.09596,5788
2021-08-10T00:00:00+00:00,1.09596,1.09649,1.09476,1.09521,3063
2021-08-11T00:00:00+00:00,1.09521,1.09724,1.09389,1.09607,5034
2021-08-12T00:00:00+00:00,1.09607,1.09646,1.09561,1.09593,1469
2021-08-13T00:00:00+00:00,1.09593,1.09748,1.09328,1.09383,4771
2021-08-14T00:00:00+00:00,1.09383,1.09434,1.09303,1.09325,2273
2021-08-15T00:00:00+00:00,1.09325,1.09414,1.09107,1.09188,1150
2021-08-16T00:00:00+00:00,1.09188,1.09332,1.09087,1.09239,5155
2021-08-17T00:00:00+00:00,1.09239,1.09495,1.09164,1.09426,4896
2021-08-18T00:00:00+00:00,1.09426,1.09439,1.09307,1.09388,5886
2021-08-19T00:00:00+00:00,1.09388,1.09469,1.09303,1.09418,1060
2021-08-20T00:00:00+00:00,1.09418,1.09740,1.09298,1.09632,2012
2021-08-21T00:00:00+00:00,1.09632,1.09843,1.09501,1.09818,5635
2021-08-22T00:00:00+00:00,1.09818,1.10179,1.09801,1.10036,5411
